{
  "train_loss": [
    4.711752006257531,
    4.035101299138468,
    3.816851714068494,
    3.701797666582129,
    3.567180533131662,
    3.465394327719739,
    3.377295570245972,
    3.302400619739812,
    3.239116154222623,
    3.1810701072576344,
    3.1306294490021633,
    3.0831988186043486,
    3.040732359789629,
    3.0025864226347423,
    2.963464788251637,
    2.887278655283702,
    2.8563435845769165,
    2.831908333006303
  ],
  "val_loss": [
    4.0764618330211615,
    3.836090200012009,
    3.7240133443952157,
    3.6667256291129804,
    3.6130104154154243,
    3.5804604280330135,
    3.5615623699127976,
    3.544461653936205,
    3.533957557155648,
    3.534089200581173,
    3.5299554679478664,
    3.5263978963697,
    3.5354316904776497,
    3.531553425215,
    3.5343244387226194,
    3.5351180973659506,
    3.545314731777715,
    3.5496827286886616
  ],
  "train_attn_reg": [
    0.5846470183934565,
    0.5838385007507354,
    0.5840561857830266,
    0.5840923541821191,
    0.5839856462660179,
    0.584054963456468,
    0.5841825169764989,
    0.5842457228498166,
    0.5843031780916597,
    0.5843840694873912,
    0.5845023305756422,
    0.5844718715733759,
    0.5847055281957431,
    0.5846236864471597,
    0.584627883102068,
    0.5846406427106381,
    0.5847390648152242,
    0.584723289251812
  ],
  "val_attn_reg": [
    0.581084984977204,
    0.5813723383618479,
    0.581636471246319,
    0.5812754583496206,
    0.5812094999732605,
    0.5812554619520235,
    0.5814873030132559,
    0.5814866559187561,
    0.581603792072898,
    0.5816206366077417,
    0.5814965556435514,
    0.581873565286442,
    0.5817260832454716,
    0.5818486125947374,
    0.581823779442281,
    0.5818254933074715,
    0.581878222600942,
    0.58198374867928
  ],
  "train_ppl": [
    111.24689452308851,
    56.54864827754739,
    45.46085900409633,
    40.52008052149072,
    35.41659632906812,
    31.98907146400444,
    29.291447237264673,
    27.17780424413465,
    25.511163845526028,
    24.072499930799566,
    22.888382078394717,
    21.828115018154797,
    20.920559002272014,
    20.137553850398096,
    19.364951108954223,
    17.94441016982045,
    17.397796922883504,
    16.977829281814078
  ],
  "val_ppl": [
    58.936573075271475,
    46.343924284054296,
    41.43033509986885,
    39.12359075276596,
    37.077503662569164,
    35.89006183398309,
    35.21817800540083,
    34.62104222268102,
    34.259282749044544,
    34.26379305525123,
    34.12244803828472,
    34.00127066336363,
    34.30982274152406,
    34.17701784059411,
    34.271854154350265,
    34.29906510429733,
    34.650589267824046,
    34.80227397269856
  ],
  "train_acc": [
    0.2811023457061739,
    0.3545641219054803,
    0.3804072246492965,
    0.3993200699835518,
    0.4162240311783009,
    0.43043813055913505,
    0.4434055169668207,
    0.45452902536379924,
    0.46487464772501075,
    0.47485882808980523,
    0.48339985961383325,
    0.4916527851986883,
    0.49928497344187067,
    0.5066447706152896,
    0.5128338100177054,
    0.5287451152947585,
    0.5347927208724895,
    0.5394862285361075
  ],
  "val_acc": [
    0.34604898961520053,
    0.37258329691369585,
    0.38488272876735136,
    0.39233314603234065,
    0.3978064972633244,
    0.4024057771950636,
    0.4045077105575326,
    0.40754614888347795,
    0.4096688934673576,
    0.4094399700318412,
    0.4090861792678612,
    0.4106053984308339,
    0.41066783209506563,
    0.4119997502653431,
    0.4108343218663503,
    0.4135605918711369,
    0.411604337058542,
    0.410751076980708
  ],
  "learning_rates": [
    0.0003,
    0.0003,
    0.0003,
    0.0003,
    0.0003,
    0.0003,
    0.0003,
    0.0003,
    0.0003,
    0.0003,
    0.0003,
    0.0003,
    0.0003,
    0.0003,
    0.00015,
    0.00015,
    0.00015,
    7.5e-05
  ],
  "test_bleu4_greedy": 0.18981277246158293,
  "test_bleu4": 0.21163413128204775,
  "test_bleu4_n_images": 400,
  "beam_width": 5
}